2748.5793455846565,4.397726952935451,4.400646376566101,0.9995773436376667,0.9995449563409686,7.459135691984173,6.558268266892209,6.803483668567917,7.085004241861142,0.0,0.0,0.0,0.0,0,1126.9696,25,2.438911702307371,22.539391999999996
3845.569076444899,4.3949360873656,4.393957778846486,0.9995582677963862,0.9995839365357021,13.736775155399885,10.148962275751725,11.023600807448133,12.188866484125189,5.790566700582958e-05,2.0646274265107338e-05,0.0,2.4942370198307128e-05,0,1129.248,35,3.405424739689509,22.584960000000002
2745.32911652969,4.392526586447504,4.398286557078174,0.9995426688448878,0.9995414027443242,7.908346838737898,6.8153254368981,7.119805779731747,7.457688700662192,0.0,0.0,0.0,0.0,1,1037.9408,25,2.6449765887704673,20.758816000000003
4910.160905772927,4.364587471798157,4.351995578955486,0.9991926427895395,0.9990596118737539,28.94998810129891,16.031432868128853,18.52591009847639,22.9899603057896,0.005855850927610341,0.0057513272979458525,0.0017846416311146644,0.0035416419472026847,0,1106.8417777777777,45,4.436190433316611,22.136835555555553
5721.637798661734,4.161191126299443,4.172319420931943,0.989196253004914,0.9939479036640644,63.88474398806976,25.276311474385984,32.54534893814062,45.52931893474754,0.07468399857258236,0.05282357108770944,0.022622515153914356,0.04500109896590756,0,1126.957818181818,55,5.077064736897395,22.539156363636362
3844.5534584019547,4.393775381030806,4.392861541071128,0.9995624818510332,0.9995489938135824,14.576006189720266,10.411241336678074,11.368075176345382,12.74625994670802,2.6836539629245574e-05,9.609466697477972e-05,1.9049515994824037e-05,2.253943084955809e-05,1,974.0754285714286,35,3.946874487985337,19.48150857142857
2734.2980146434284,4.374876823429486,4.3988840040138015,0.9982263033492126,0.9996154159584839,11.06664664606399,6.251321849220367,6.679033177711154,8.547546034884451,0.01132848590362711,0.0,0.0,0.004859633916142584,2,922.5216,25,2.963939288406286,18.450432
6251.035215595271,3.8467909019047823,3.8784340979824194,0.9766209266288969,0.9878818818735343,104.16409070121024,33.23939388877499,45.684335565488745,68.21873408463976,0.19568752073260812,0.1199764635196969,0.05204705548226901,0.11356743404687274,0,1117.2406153846155,65,5.595066210015398,22.34481230769231
6435.731805921929,3.432390296491695,3.527028749926044,0.9529502009161012,0.9813737170090441,133.57919118736348,38.49988549441682,55.060986228585406,82.87751761423387,0.3308196385975049,0.20747849462365592,0.11190826056627681,0.2052044516330421,0,1139.5904,75,5.647407880868362,22.791808000000003
4908.026494347948,4.3626902171981765,4.370802741262318,0.9992160197045127,0.999582361749964,32.6570724261811,16.84859213105921,19.61874346335005,25.19011586711191,0.006066419980423625,0.005861627162075593,0.0009775368490667867,0.0031698540080095923,1,970.9484444444445,45,5.054878580248628,19.41896888888889
2733.083565831509,4.372933705330414,4.3994550431464825,0.9986013592424806,0.9995186880227415,14.594321860205671,8.61613918045463,9.468334184201455,11.660796061595823,0.009311754390645846,0.0006872017464513221,0.0004085612939388175,0.00424018508913146,3,2053.5984,25,1.3308753872380839,41.071968
3731.5125128214454,4.264585728938795,4.383236587274637,0.9907803409882652,0.999525315131216,28.835601659659858,13.091518017550069,15.648106100281787,21.111183881570614,0.05782439182336407,0.002727947374207498,0.002207860587206913,0.026070790892204147,2,899.9862857142857,35,4.14618819425663,17.999725714285713
5715.068079326225,4.156413148600891,4.2258666066443125,0.9913164275183926,0.9974201642745539,74.48980508746516,26.82451370308466,34.6026503302158,50.921578150029084,0.08332154386969079,0.046410714181529644,0.015817821197237274,0.04474416511449845,1,975.5912727272728,55,5.858055764838598,19.511825454545455
2708.1003270167002,4.3329605232267205,4.37492339740174,0.997814863256734,0.9995773794457988,34.48894317981588,24.88833553583263,27.71285576221136,30.600967824015328,0.01366495124510769,0.017147692139407842,0.0036763534311865156,0.007991128132447484,4,1068.752,25,2.5338903010396243,21.37504
4424.719970307534,3.9330844180511413,4.316986509151679,0.9615683531307333,0.9977167762917677,55.443140247791774,22.934911196829194,31.457478427767636,40.522767536875755,0.19793831253525354,0.04411639309315711,0.022961944582397864,0.09772072395300307,2,904.1066666666667,45,4.8940242710751685,18.082133333333335
6228.438415646269,3.832885178859242,3.9978870591418696,0.977269804407058,0.9934431572556596,106.2411211951947,33.57699480047138,45.782194889903586,68.59568646698281,0.21173827455974736,0.10545545879948232,0.04364425352845008,0.11542383325367954,1,978.8276923076924,65,6.363161222954421,19.576553846153846
3715.4401914420205,4.246217361648023,4.379037633965682,0.9901750146229945,0.9994487886068703,29.994701036986193,14.341637320403212,17.13271367350479,22.434142252049412,0.06619617285940596,0.008404382383350794,0.0033254209414783436,0.0303032363164056,3,2036.9977142857142,35,1.8239785766008394,40.73995428571428
2750.7663797409764,4.401226207585562,4.401901339945034,0.9995577684399041,0.9995753776126349,7.353141850205881,6.428356989530506,6.6752615366651495,6.966580552250554,0.0,0.0,0.0,0.0,0,1139.096,25,2.414867912573634,22.78192
6469.653937930921,3.4504821002298245,3.6866888420967507,0.9585703926029324,0.982511659039537,138.5853808786917,38.846095079395255,55.414859654217764,83.80123426261056,0.35156007487117213,0.18218308306855266,0.08907567829649007,0.2009134639552933,1,975.8533333333334,75,6.629740061277228,19.517066666666665
5012.816809740447,3.645684952538507,4.098467463939969,0.9399031856905942,0.9855934124744267,77.25221994269828,28.459701036132035,40.27198846758906,53.20831198587991,0.30494313640140613,0.09649979347015389,0.05137143507004354,0.1596217627761105,2,904.4596363636364,55,5.542333353751845,18.089192727272728
3729.335195346112,4.262097366109843,4.349125804813088,0.9933800679298885,0.9993944080373625,46.76234077283883,27.968117488682903,33.17416890245142,38.9278073793991,0.034278693096992316,0.045591554723629156,0.015122112057220057,0.023397197343141208,4,1053.6742857142858,35,3.5393624442661573,21.073485714285717
2750.7755674037776,4.401240907846044,4.402184636668259,0.9995858913556644,0.9996307767299579,7.8111834910101425,6.76733660805701,7.047808104274603,7.376123962226201,0.0,0.0,0.0,0.0,1,1023.8688,25,2.686648491880774,20.477376
4604.865648296484,4.093213909596875,4.3107506140261185,0.9805435319343858,0.997727063703996,53.08003462324006,20.746984792975528,26.35193568381067,36.96677812499439,0.12583721523411162,0.029230419944832074,0.01201621671397115,0.06078994167123145,3,2037.7724444444445,45,2.259754596667884,40.75544888888889
5364.51865132234,3.3012422469675937,3.900909213527111,0.9086060611754938,0.9804448379051087,96.5853420826145,33.94899435824891,51.58929521113192,65.86606868300296,0.4227309408351993,0.17656343183190482,0.09760508592568284,0.2358985477053088,2,892.8,65,6.008645442789359,17.855999999999998
2649.94037629169,4.239904602066704,4.392509183621983,0.9892699818120734,0.9995705605644505,20.91803830812824,10.463472900720255,11.679448066681676,15.461037361251952,0.07564924038490642,0.002132025520281453,0.0006590441447510634,0.03285723446263467,2,897.5616,25,2.952377169758254,17.951232
3845.85167045871,4.395259051952812,4.392233218140951,0.9995642310743441,0.9995331755465648,13.780863918020897,9.946259454204084,10.814081137362187,12.086780857322145,7.918512375573749e-05,8.924117542069206e-05,2.6337196289037205e-05,4.91518458153433e-05,0,1114.2525714285714,35,3.4515080055215708,22.28505142857143
5225.404024178807,3.8002938357664053,4.1793142118921525,0.9565474522009246,0.9932585171139391,67.62845063611941,26.376334086941824,36.405879092167645,47.80417861925867,0.2466822212196059,0.07865732709719447,0.034346709614854726,0.125037519002873,3,2036.8676363636364,55,2.565411679625671,40.73735272727273
4565.007992615565,4.057784882324947,4.254529736027108,0.9836841133378249,0.998096898174079,64.5763843664667,31.00375085017455,39.339009192303,49.732475572437316,0.10150266047936857,0.09004697079393838,0.04253847483167403,0.06788613457562122,4,1072.007111111111,45,4.258374730260919,21.44014222222222
5655.891381990592,3.0164754037283155,3.7174697737695594,0.8871813247250567,0.9729420443943979,117.70529942944478,39.024193070250284,60.665175727796694,77.0051909258964,0.5195910613136446,0.242184144263241,0.13689436008288283,0.2994433691989438,2,886.5792,75,6.37945417847677,17.731584
2739.61760933111,4.3833881749297765,4.39764019702317,0.999225145439392,0.9995359210005259,11.954081137424309,7.820225589637545,8.291658377048805,9.858778288620883,0.00487268928904401,0.00025947982304116757,2.7664809729350897e-05,0.0021085112022053106,3,2028.3648,25,1.350653299313373,40.567296000000006
3843.006949063597,4.392007941786968,4.3903673716590195,0.9995836342847559,0.9995588694354077,14.064200912277775,10.191911990453608,11.048816787944387,12.344453307366841,1.130350267575899e-05,2.0587522131586293e-05,0.0,4.900305403308532e-06,1,943.8514285714285,35,4.071622749864564,18.87702857142857
2731.394311797209,4.370230898875533,4.3853755152411455,0.9994364893538576,0.9995737897390605,31.767805227691934,24.243775685595985,26.554233632053027,28.789489982695596,0.002377554750752809,0.013075534301152436,0.0013209373091431584,0.0017964339414943806,4,1043.9504,25,2.6164023806085126,20.879008
5729.999773621213,3.5261537068438233,4.003612441045079,0.9385373695499247,0.9905604311450779,93.79040984729801,33.26289724346178,48.279968779420635,63.672365483405606,0.34682765633771195,0.13156506752640884,0.06446659389523374,0.18487785572574542,3,1971.3396923076923,65,2.9066526667017762,39.42679384615385
4913.94471274948,4.367950855777315,4.375910812621453,0.9986153594350561,0.9994199600762633,28.444393749083783,15.678027038346965,18.165811248580788,22.563135165063887,0.007503315443581462,0.005752010981273515,0.0017442950160127906,0.004226591372311767,0,1072.9955555555555,45,4.579650574792204,21.45991111111111
4911.543833921722,3.5720318792157975,3.9391223243194933,0.9357684349043146,0.9818788163405955,79.69453936726335,33.885674560177854,46.168691057685045,59.24716391889133,0.2427756924711762,0.19191667643267316,0.12405835501491613,0.17487700444265075,4,936.8661818181819,55,5.242524417297099,18.737323636363637
3652.671195307085,4.17448136606524,4.37833768436678,0.9841695113930611,0.9993385383273511,33.57340797926106,14.436451893596697,17.54368849268664,23.99514683276474,0.09951148429047961,0.009253644957693687,0.0043645603819297924,0.04509179897728912,2,913.536,35,3.9983877978613704,18.270719999999997
2751.511015214769,4.40241762434363,4.40120560556844,0.9995660491736993,0.999586792315585,7.528902628763506,6.592509548061767,6.881765898073822,7.159842217143146,0.0,0.0,0.0,0.0,0,1132.2688,25,2.4300864028177487,22.645376
6237.747653282462,3.326798748417313,3.9118388708757768,0.9189476641258538,0.9835687260209255,111.0121435464787,37.24651351683297,54.70750875203447,72.59515720288415,0.4176498145239587,0.1717630664122236,0.0908808115188803,0.229876772521511,3,1948.3082666666667,75,3.2016225358190042,38.966165333333336
2750.6866795920378,4.40109868734726,4.396127286392023,0.9995341678206665,0.9994909056866658,7.81138731873304,6.739570604688847,7.029017878270458,7.364862277705878,0.0,0.0,0.0,0.0,1,1044.7216,25,2.632937501811045,20.894432000000002
3740.006066074499,4.274292646942285,4.381391508979989,0.9932833796172847,0.9995002962620713,32.781282424077475,14.284627706718906,16.504856646270213,23.269254414400482,0.05319920343646533,0.0037733429803914384,0.0011972552255881269,0.023533991545195327,3,1965.744,35,1.90259060491829,39.314879999999995
4893.7535787314955,4.350003181094663,4.361052766757223,0.9989278096141191,0.9993736188314125,35.96847368418742,17.444234135399434,20.65108537647123,27.176179728665446,0.011431005848078424,0.00787537140443236,0.0017107009514138957,0.005891512732701491,1,989.2453333333333,45,4.9469564463262525,19.784906666666664
5506.252362182508,3.3884629921123124,3.7107126388490386,0.9406553365166708,0.9786957440806922,96.27825945374333,35.84872562172632,50.51656577982226,67.96391809623118,0.2944944384307257,0.2372020213797877,0.15634145885902892,0.21542373587445557,4,1064.2855384615384,65,5.17366079233021,21.285710769230768
5810.455438666666,4.2257857735757565,4.255380679976751,0.9937999088169788,0.9977567719858994,63.01918369363946,24.675215203028067,31.381391756391565,44.52587233334628,0.05699628041075981,0.03687033177318598,0.011042594662943403,0.030762948856931514,0,1073.0836363636363,55,5.414727465565111,21.461672727272727
2726.343834499136,4.362150135198617,4.400778532472427,0.9978889872743565,0.9995503421701757,16.51884315086547,7.622653504808221,8.383923943969343,11.842423563694911,0.016814829339043855,0.0,0.00022646583279910466,0.007353946091266802,2,918.528,25,2.968166277456034,18.37056
3682.342660593537,4.208391612106899,4.342037214319416,0.9925729447278058,0.9991550218559754,50.689613008080364,28.198603284725948,33.94202823144038,40.959508219692786,0.054643178627116366,0.0497467442657885,0.01918252860874458,0.03444733159652951,4,1066.4605714285715,35,3.452863386839398,21.32921142857143
4493.594070088722,3.9943058400788645,4.311132236714441,0.9697688950390713,0.9975959750866513,49.96618728049596,21.155471914070926,27.819930540900828,36.29909042783628,0.1746042468072436,0.029958175101443645,0.015332376997267711,0.08338323726083192,2,913.536,45,4.9189020138108654,18.270719999999997
5626.178983733824,3.0006287913247056,3.612959221831301,0.9025160022884539,0.980192340389431,105.37306723344719,37.92379135758657,55.42482957575711,72.9761484521513,0.4201806612687998,0.30311198631242536,0.21562079297247164,0.3028896938262126,4,914.7834666666666,75,6.150284945829611,18.295669333333333
2723.706927360052,4.357931083776083,4.392578412043141,0.9984578420160096,0.9995653449236191,18.569353421388666,9.462574648285456,10.129095981216645,13.721098029532543,0.014370613484474395,0.0004841962822703996,1.0265639801852793e-05,0.006178626170089344,3,2006.1456,25,1.3576815797218567,40.122912
5737.8951986851125,4.17301468995281,4.227204219062454,0.9912106281061016,0.9966657818685348,67.7150013698374,25.168736818374807,32.45205847048174,46.94585394957988,0.07753629548704105,0.04554301057214566,0.01590611524435832,0.04233773425619107,1,972.9127272727272,55,5.897646353922826,19.458254545454544
6275.953348257972,3.862125137389521,3.9136212094822627,0.9765118232740809,0.9877556200116203,102.2137536415168,32.67776698173814,44.8178714901275,66.92242306695576,0.19071734336605026,0.11320960563345359,0.04856583822287541,0.10931475667832925,0,1082.4916923076923,65,5.797691929513734,21.649833846153847
2726.4363376250853,4.362298140200136,4.370856433780266,0.9993877170991766,0.9995522192660952,32.19942837776715,24.437572863080735,26.96446364493357,29.2076705971102,0.00279364338266156,0.014384743687392138,0.0020735776407279465,0.0024053185920214623,4,1077.5744,25,2.530160643780221,21.551488
3848.7582797406453,4.398580891132166,4.397774394301611,0.9995655043650477,0.9995519464558486,12.670663848579776,9.561434233054127,10.31432302480236,11.32630371508381,0.0,1.3735477594002174e-05,7.317378133335091e-07,4.406614106076142e-07,0,1093.1942857142858,35,3.520653492280096,21.863885714285715
4587.766445541669,4.078014618259261,4.282678188947659,0.9820306690535755,0.9978964088892677,53.7580686242365,21.084410872658875,27.036522083916367,37.54946198511659,0.13737121672740424,0.033347797438246306,0.010330397149056387,0.06479483717885362,3,2078.037333333333,45,2.2077401459301673,41.56074666666667
2749.996203049559,4.399993924879295,4.408451361375692,0.9995981585191291,0.9996234004337894,7.56738303883433,6.588081566065926,6.8780801544746035,7.173874214467164,0.0,0.0,0.0,0.0,0,1134.5552,25,2.4238540381724563,22.691104
3843.2935232288555,4.392335455118692,4.396406913518934,0.9995502740994774,0.999581575128482,13.896299945701456,10.215766864610108,11.05463614572955,12.274429203991092,7.070800652860225e-06,5.7263667119431397e-05,3.6622247365174094e-06,5.224658217619928e-06,1,988.264,35,3.8889340532781276,19.76528
5165.278923249363,3.7565664896359,4.2278234710216775,0.9508324594079544,0.9932318429020094,71.00920596107623,27.59763762424307,37.95332738913109,49.70701078605604,0.27439498221883263,0.06512383462227299,0.03181410271595588,0.13536993694973484,2,905.3672727272727,55,5.705175213247762,18.107345454545452
6488.741461719204,3.460662112916909,3.6079687287753126,0.9616338604340147,0.9840903865412366,133.74775759429284,37.96084308110452,54.30290621664941,81.730521336002,0.34347487042689906,0.18307871800446446,0.0917025465605947,0.19913786710532935,0,1100.3221333333333,75,5.897128909024222,22.00644266666667
2748.976128809521,4.3983618060952345,4.404554408696099,0.9995583289881821,0.9995721797439845,7.630234717021257,6.697220366987592,6.956245033055258,7.246050701062686,0.0,0.0,0.0,0.0,1,1014.4528,25,2.709811761384582,20.289056
6205.597239358585,3.818829070374514,3.951289674030122,0.9748610562225474,0.990970026221651,109.65991248824021,33.73328982942595,46.398136218009896,70.39457829211479,0.2113409176479936,0.11511000749277041,0.050314649060424266,0.11911075753964766,1,966.8363076923077,65,6.4184569714499125,19.336726153846154
4476.641302950568,3.9792367137338385,4.255944152595746,0.9767515551077519,0.9983622052277283,63.02044738941778,31.651045356181616,40.791573860586624,49.865258461648914,0.1258465020821946,0.10645022652794442,0.054089111159207004,0.08493821813344278,4,955.7742222222222,45,4.6837853531372255,19.115484444444444
3667.182925086044,4.191066200098336,4.379481909527629,0.9879645615587912,0.9995374451809319,35.84189358231401,14.592418177212195,16.95895509301633,24.58350639892267,0.09543072022378271,0.0011370499844427769,0.0013707307828432509,0.04172276157686516,2,901.4125714285715,35,4.0682624597460855,18.02825142857143
2690.2022722040974,4.304323635526556,4.4036219197103,0.9941012285623081,0.9995965926889363,20.10987066351053,9.199812614582667,10.12799120103126,14.290555683257951,0.046526382370121425,0.0,9.528943835281108e-05,0.020030098680194407,2,889.5744,25,3.02414533534699,17.791488
5304.668022731678,3.857940380168493,4.244414192176364,0.9614145527624206,0.9956161827735895,67.2603632125722,27.021147609932417,36.77903482375821,48.02740790394402,0.2295644532315663,0.05936454971757278,0.026257970035248476,0.11314174933168253,3,1926.7745454545454,55,2.7531337463669128,38.53549090909091
2709.524977503228,4.335239964005165,4.39204565756045,0.9957365788931294,0.999596515342566,15.280015938924233,9.341388749692518,10.413477851845498,12.467435616374177,0.027650310489257233,0.0021491503990138817,0.0003917747623097702,0.012098796722637575,3,1931.296,25,1.4029568629061666,38.62592
3735.6697390074723,4.269336844579969,4.391307335577158,0.9914561274825461,0.9995334667057756,26.93957585166366,13.749633767510199,16.038887029925043,20.541582216080634,0.060383875536311804,0.004093447962100081,0.0014794822425639395,0.026739825654074387,3,2017.1622857142856,35,1.8519430813592948,40.343245714285715
4909.891621985085,4.364348108431187,4.360458762168279,0.9992270390232986,0.9993691237781126,30.45840339450781,16.089704047118698,18.781351643607064,23.77268551612339,0.0066507969404686765,0.008281105736644827,0.0014393015725690148,0.003688950075878902,0,1067.3733333333332,45,4.5999759115696035,21.347466666666666
6535.107692340349,3.4853907692481862,3.738771105780084,0.9586783519998537,0.9826178289918637,135.6404172006365,38.742170242263846,55.22200165712505,82.89021757390854,0.3404689510331035,0.17548619122230066,0.08338368858588285,0.1929749817211802,1,978.5210666666667,75,6.678555950361091,19.570421333333336
5351.104389231415,3.2929873164501013,3.7906714389948477,0.9171824174899428,0.9666181941555652,99.03857534899204,35.02828054860915,52.892873387519444,67.10778577138467,0.4405057372575915,0.1707321300139511,0.08850816773242487,0.23820677499890539,2,901.632,65,5.934909574229192,18.03264
2728.5711140608596,4.365713782497375,4.380144163607027,0.9994444439082992,0.9995865219951399,32.84588001351114,24.248264941008163,26.690267190920824,29.328284655743243,0.0045082552559845,0.013647946840424502,0.001353624744193361,0.0027326831861185278,4,1099.2528,25,2.4822052889570623,21.985056
3751.9092438147027,4.287896278645374,4.3541010335398775,0.9972512116367722,0.9994266180995369,47.86157841490333,28.072531215718172,33.198126733818235,39.41961873741518,0.02715531995277708,0.0391974769440128,0.011386780500400475,0.018201905146201267,4,1034.057142857143,35,3.6283384044406106,20.68114285714286
5042.410834560663,3.667207879680482,4.029447167920467,0.9555194493350628,0.9912257411350746,80.88024370312283,34.208586555023,46.500004816993076,59.918903043611216,0.22217710308442634,0.17072659715995334,0.10136899174389466,0.15305674821892057,4,952.1418181818182,55,5.295861118871453,19.042836363636365
4904.7768216948225,4.359801619284286,4.364454348463758,0.9987325413028141,0.9991968200015177,32.122886354181496,16.685064353655537,19.5671169995175,24.923804073846174,0.01125268116757779,0.008052709943741587,0.002114085213483431,0.006049750312540473,1,988.04,45,4.96414803215945,19.7608
2751.561488870909,4.402498382193454,4.3994655681302905,0.9995732038038697,0.9996116817844949,7.351839330046433,6.407637100536071,6.671962594870342,6.963857357426872,0.0,0.0,0.0,0.0,0,1146.3968,25,2.400182457654199,22.927936
3843.4681949176875,4.392535079905928,4.3955242818566,0.9995549106498807,0.9995586849270135,13.728794139354388,9.997504223971246,10.875190116130206,12.10089054438091,0.00022887466396126144,0.00013974671480673716,2.0517875842785708e-05,0.00011035896834105117,0,1082.769142857143,35,3.549665429858655,21.655382857142857
5671.084057346694,3.4898978814441195,4.032736714944021,0.9239205702715316,0.9827043633673985,80.05487051498808,31.17781348290176,45.82033739291609,57.414134236179315,0.35379610676023565,0.13421011227742422,0.07554051392863821,0.194151686749539,3,1992.2953846153846,65,2.846507651997349,39.84590769230769
5633.701663680295,3.0046408872961576,3.5488833276138845,0.8873051193842542,0.9570904046065865,123.25188590828002,38.90826035236628,59.76215038324585,78.45556473958814,0.5086582598348566,0.25809919964146005,0.15091148213836153,0.3030338829120896,2,906.2144,75,6.216742598308187,18.124288
2748.4620335067975,4.3975392536108755,4.39663786643302,0.9995968910070505,0.999609560891628,8.00646637871012,6.891816802105953,7.198355877908623,7.545300339091345,0.0,0.0,0.0,0.0,1,1033.1648,25,2.660235843794521,20.663296
4202.655896435046,3.7356941301644855,4.199976074842319,0.9417187408233717,0.99046449877764,56.07384637477976,23.86760407314394,33.6964438628686,41.73413126460646,0.27142631335120343,0.07600031455308441,0.043467073345608724,0.14073700153126265,2,885.8026666666667,45,4.744460650869245,17.716053333333335
5807.658195328336,4.223751414784244,4.252231331818632,0.9932202662329487,0.9973588042986766,61.853377015641705,24.566343273061424,30.95853545944775,43.77099059095295,0.060069030283986316,0.03463103101351647,0.010602414543240919,0.03183455843532991,0,1065.04,55,5.45299537606882,21.3008
2701.617827612589,4.3225885241801425,4.405258851071726,0.9933295384989423,0.9995451119651636,14.790406648991437,7.616662240737365,8.92520747676254,11.401192129558732,0.0328550042167311,0.005137337954049545,0.0023812199185611243,0.015500938920793201,2,873.6,25,3.0925112495565346,17.472
3844.917833808984,4.394191810067411,4.387821638650641,0.9995619957411356,0.9995541157297495,15.133274563388492,10.721248044815283,11.747570291480478,13.201509008731032,7.91179400225882e-05,9.835068193618185e-05,2.5633048727232932e-05,4.8764333750826024e-05,1,1011.424,35,3.801489616430878,20.228479999999998
2737.8658044146036,4.380585287063366,4.401708916042657,0.9989150223640766,0.9995290841189228,17.21252839418208,8.93414112882751,9.616865324386529,12.8591073371209,0.009754616882919868,0.00029726611070445675,7.164347013574491e-06,0.004195039460134851,3,2071.9536,25,1.3213933962684319,41.439071999999996
5378.674014124215,3.3099532394610556,3.655821481277798,0.9319921098552459,0.9718989360708755,98.95158764704733,36.166642941398564,51.30987056857217,69.17001200793683,0.3223951631907485,0.252647533830461,0.16774577651371664,0.23387191508208777,4,975.1704615384615,65,5.5156244228713,19.50340923076923
4661.167825923658,4.143260289709918,4.352778094970711,0.9820939029354928,0.9990555440627555,42.77160660265021,18.566200739763048,23.30485452950125,31.117642444731015,0.11033677002034922,0.020165598290598292,0.008201389440094874,0.05203287464242898,3,1964.1271111111112,45,2.3731497821883965,39.28254222222222
3666.7776184282548,4.190602992489434,4.364832866865718,0.9860216853391496,0.9992112357378841,36.84839183025917,15.414502447495131,18.887650857575814,26.161108522507785,0.09165540798501577,0.0076556819299823135,0.003331853823526778,0.04119468634381328,2,905.6914285714286,35,4.048594811382903,18.113828571428574
6089.450529268228,3.247706948943055,3.728454118513217,0.9140671223779189,0.9721996028040419,109.53382275768747,36.51010186357623,54.61032770821464,71.92983162542566,0.4363944621055824,0.19728309812026798,0.10848694923086481,0.24831991274671505,3,1968.9253333333334,75,3.092778799772445,39.37850666666667
5760.91389388669,4.189755559190321,4.252826326799522,0.992720803622575,0.9968790996046353,72.87863834111418,26.408035822734767,33.62638372050064,49.81226421957819,0.07092193866924537,0.04053312552353767,0.013404568152446238,0.038079806802020756,1,946.6421818181818,55,6.085629823532592,18.932843636363636
2722.1645737852155,4.355463318056345,4.37449616320017,0.999110751473202,0.999495454667244,34.142482786714034,24.492584695788132,27.09268572361876,30.109054442876776,0.0059986206674234824,0.016068438694085852,0.00342435360779353,0.004552272199190922,4,1072.4864,25,2.538180972537475,21.449728
4446.344070861188,3.9523058407655003,4.21380534939036,0.9708270918257279,0.9964303572124049,65.56107613177136,31.655304322574477,41.00262791144512,50.97939339564407,0.13544491020031746,0.11181603038949972,0.05802361627170197,0.09128276557353565,4,1024.295111111111,45,4.340881863663282,20.485902222222222
3741.6891753275413,4.276216200374333,4.38393849027324,0.993713073267508,0.9994815620584093,34.56750010916252,14.709193847883745,17.05512400430171,24.324065878396475,0.05349346820349174,0.004081586065994772,0.0015039886911111986,0.02380771259811004,3,1970.4388571428572,35,1.8989115859971433,39.40877714285714
6264.19669753761,3.85489027540776,3.947653184913042,0.976696034649692,0.9894875354532631,102.45477421291339,32.76108912736037,44.866510365657135,66.97130289597968,0.19419057863646785,0.10870720770394528,0.047533145017639174,0.11018769964580323,0,1110.321846153846,65,5.641784604380056,22.20643692307692
4999.136734823791,3.6357358071445747,4.160974494945008,0.9458194310370013,0.9931628884929603,84.31756836599435,31.6544933306208,44.50445087805197,57.99723534658422,0.3281275612385143,0.08100073695638478,0.03770613080403707,0.16162756016982635,2,904.4596363636364,55,5.527208217851191,18.089192727272728
3723.3585204101273,4.255266880468717,4.3485421017128125,0.9946979039272652,0.9994048935459157,46.622011498876425,28.274780822845997,33.415159866998984,38.994522760890085,0.037647177486783444,0.04446952699509514,0.015244887525572506,0.02490698864289625,4,1037.0742857142857,35,3.5902524743882367,20.741485714285712
5501.14318427767,2.9339430316147572,3.443970323652102,0.8985246104351851,0.9627753074978438,108.06932471274628,38.2874225274245,56.235526822391655,74.11363991634589,0.4416258736453786,0.31341498756225605,0.22550012808944728,0.3175764492756509,4,937.1797333333334,75,5.86989132245889,18.74359466666667
4879.250132540884,4.33711122892523,4.347447982745636,0.9974206412630485,0.9989039678449267,32.4326281922122,16.75752616617317,19.873477747325836,25.21746185247348,0.016961447933399838,0.011946463860965848,0.0043179218972892505,0.009759318320675435,0,1069.8053333333332,45,4.560876619803308,21.396106666666665
3835.083408548493,4.382952466912563,4.378707211887737,0.9993776026110024,0.9994979146993069,16.38186294801649,10.646005238591789,11.93715680462265,13.844520866002469,0.0022995619275012137,0.003144402392032656,0.0006263555573242927,0.0013506174838670878,0,1099.6011428571428,35,3.4877040947626012,21.992022857142857
5312.456963769924,3.863605064559945,4.2148789464870005,0.9640872005169336,0.9957058368027958,69.85872349284718,26.843257730728745,36.46109329348324,48.778524714690015,0.22726062398657706,0.062230931776135236,0.02475808389413005,0.11122544734604632,3,1919.5941818181818,55,2.767489615298857,38.39188363636364
6298.774482004478,3.876168912002756,4.036285010249977,0.97766042053453,0.9925063125015668,102.72916147474591,33.13386920975339,45.32149014638469,67.30723189929226,0.19221480016967465,0.09938792558783845,0.04088326243949523,0.10554794857201862,1,955.4424615384615,65,6.592520989555078,19.10884923076923
4897.45895551242,4.353296849344374,4.364618607365064,0.9987016758343183,0.9993766634710328,34.959147821922755,17.257100450953782,20.12739720146795,26.455051931484437,0.010913119318340487,0.007718063876710983,0.0013752168220756758,0.005483314057331326,1,976.1893333333334,45,5.0169150474010715,19.523786666666666
3846.146553691546,4.395596061361767,4.4027852113097925,0.9995807934407831,0.9996052586907903,14.149101203037233,10.060174306614561,10.982308845882493,12.342825556853912,5.0827200081114166e-05,0.00014129798148996442,2.343555056736389e-05,3.543369159509402e-05,1,1004.4834285714286,35,3.828979597166194,20.08966857142857
6633.427696817929,3.5378281049695626,3.6061376878859424,0.9606260956642773,0.9779984882133125,129.0874302674424,37.423322966621,52.95241744964305,80.03153769637822,0.3088581190027343,0.1742688888960569,0.08649342851345962,0.18133990716704299,0,1068.6085333333333,75,6.207537643486841,21.372170666666666
5078.145092491643,3.6931964309030128,4.011034051241603,0.9542489794055719,0.9871488943569597,81.07826319168747,33.89348938559277,45.83462989811302,59.724518020574095,0.21211719229000756,0.16920617804514274,0.10086666231122335,0.14856957419641106,4,964.2210909090909,55,5.266577489716435,19.28442181818182
4408.104797779884,3.918315375804342,4.262000978299466,0.9708338079049783,0.9953295328699049,61.083658757009225,23.09774486720324,29.31918418496466,41.003759942517874,0.21967455453797854,0.031278472735848044,0.010052020769409925,0.09967615325043862,2,881.3653333333333,45,5.0014501717561135,17.627306666666666
3686.9989013152585,4.213713030074581,4.396217004601712,0.9872165540796846,0.9995423964397507,33.34552721430623,13.616642388334744,16.074488368008698,23.102657102717775,0.08418379669554794,0.0038837349728275787,0.0032602312804931506,0.03794382015816204,2,900.0354285714286,35,4.096504186693414,18.00070857142857
5546.192627414119,3.4130416168702267,4.031912406522755,0.9228719656071303,0.9882540054256452,94.75229966095357,34.17744026220145,51.170029397136744,65.08779375599872,0.40051793815818226,0.14706553102039602,0.06987434295065266,0.21050295888222195,2,900.096,65,6.1617789962560865,18.00192
3739.063916541511,4.273215904618869,4.381241411726107,0.9934312122667354,0.9995050992803857,31.44963120123428,13.984273252499197,16.39615940137272,22.643261507406276,0.05309798257430064,0.004116328024894747,0.0021440748107794286,0.023986543559749548,3,2141.9874285714286,35,1.7456049772594755,42.83974857142857
4669.147286097759,4.150353143198008,4.366281757998544,0.9824360850468331,0.9992923523115345,44.21130420459641,18.645971475656896,23.101245256153415,31.569186988832133,0.10786127272748135,0.017058410022730272,0.007263992526801917,0.05035281318630976,3,1967.6631111111112,45,2.372940398044642,39.35326222222223
6541.768550829489,3.488943227109061,3.7297281184919946,0.9575630446200443,0.9865189858029847,136.99347870192855,39.16957400330785,55.49450533657377,83.88399348778131,0.33092138881752753,0.18094320945146228,0.08919228987672709,0.19213103124763975,1,962.5130666666666,75,6.7965503818921205,19.25026133333333
5842.160632384353,4.24884409627953,4.267896296586358,0.9944066822986135,0.9978069731929778,60.64531243930989,24.64791350774492,31.284886487001582,43.547492768764755,0.04965386197449011,0.034062847693834976,0.010261715005452149,0.027187554550107223,0,1046.2945454545454,55,5.5836672930817235,20.925890909090906
5838.919095637629,3.593180981930848,4.05648219477896,0.9442055378823783,0.9895733942006267,88.55588522276676,31.93605149509582,45.41666832022394,60.154813963464115,0.3283529262369613,0.10882812867859347,0.052088523113157745,0.1698577994991316,3,2066.940923076923,65,2.8249085546894115,41.33881846153846
3676.4601316763096,4.201668721915782,4.316156844752965,0.9912330992729586,0.9987279105467258,53.48398853402633,29.341693423561473,35.41557323901913,43.002922233201545,0.05661373324639535,0.06056214256465468,0.024055176388826982,0.03809180390948642,4,978.2914285714286,35,3.7580418516442906,19.565828571428572
4511.031776469009,4.009806023528008,4.219042791313544,0.9837665977194185,0.996802220326396,66.41817039771638,32.01955438598906,40.96720230507116,51.403303434356424,0.11271099064591493,0.10731339217218609,0.0499572926364985,0.07691152550727869,4,925.1182222222222,45,4.87616789736676,18.502364444444446
5747.834412559722,4.180243209134343,4.249271477407528,0.9919606879381659,0.9969203580326946,71.6016462274846,26.3532317441553,33.621832897614006,49.21697282268169,0.07765529561288517,0.04098340342718864,0.01388939619506497,0.04123681203624681,1,966.9650909090909,55,5.9442005369148365,19.339301818181816
5563.502348875495,2.9672012527335974,3.6694460220513605,0.8774183086716765,0.9658737250498276,117.69155060930547,38.81266826181,60.54938040138977,76.9690944324161,0.5260941927719791,0.2538331520446885,0.152992488341798,0.3114906918141554,2,886.912,75,6.272891052184991,17.73824
5268.07559892575,3.2418926762619997,3.810548529343865,0.9186883508277464,0.9855489260272888,95.0651573881904,36.55430104328719,52.15483890331498,67.93628073590922,0.34675362437811075,0.2549538255870729,0.1743309343789818,0.24793311863591053,4,898.9661538461538,65,5.860148990467233,17.979323076923077
4896.953968515666,4.352847972013925,4.356394541183132,0.9985206200445332,0.9992845912345737,33.39320485244224,16.99599912729618,20.106929560689945,25.771339858451142,0.013345648322662966,0.01081243831262538,0.0027464850032297037,0.0073141022267687525,0,1121.6337777777778,45,4.3659116420492365,22.432675555555555
4940.22142310998,3.5928883077163487,4.008151076381031,0.9366274710543834,0.9722343581894557,82.14708512690079,30.175723904772184,42.272557466735705,55.90890779242328,0.33037059589682943,0.10199850163590923,0.0545255398478679,0.17226439104072735,2,894.9294545454545,55,5.520235587305793,17.89858909090909
4893.873678192149,4.350109936170799,4.354603593082953,0.998850043559078,0.9989493282737479,36.62389953048096,17.509931332522445,20.674027497319738,27.477024501600628,0.011276529089547455,0.007500895509620714,0.001730393856803627,0.005840116478859272,1,1005.5271111111111,45,4.86697337557055,20.11054222222222
6274.418984095689,3.3463567915177004,3.8434586556257693,0.930485309987877,0.9821267134853867,112.4942392070726,36.92472235606698,53.95290321148388,72.38412783476265,0.41912630293741016,0.16184551759419377,0.081111063529036,0.22502709415091954,3,1957.9493333333332,75,3.2045870019597147,39.15898666666667
6300.926197714934,3.877493044747651,3.9489851047809625,0.9792633099210095,0.9913979733125857,104.16953289641604,32.707335285023376,44.46437845197723,67.38535394777116,0.19143697149027758,0.10635721793257642,0.044437883643509896,0.10725963818190978,0,1081.692923076923,65,5.825060017765182,21.63385846153846
5375.320947875048,3.909324325727307,4.298589163223741,0.9650255743078685,0.9982593596141194,66.30311748636599,25.79482851787175,34.15203733932953,46.255908386286215,0.20355362926538498,0.04984962504952797,0.023442185854821832,0.10044471752878777,3,2027.525090909091,55,2.6511735770751375,40.55050181818182
4394.016824377171,3.9057927327797084,4.241726672424527,0.9637699531042283,0.9936952734205947,58.18001455996589,23.659014577627822,31.554649560319003,41.49107508331469,0.2121859452886142,0.04279835684561448,0.021346527903307138,0.10293840761312197,2,900.7786666666667,45,4.8780205248834765,18.015573333333336
5549.337523371303,2.959646679131362,3.5932887906121875,0.8956097223890904,0.9767038247378244,107.38543760100906,37.970296244667324,55.92625063598551,74.04974005077194,0.4270088971897715,0.31540861921726604,0.22862277699164893,0.31319517685001935,4,923.8816,75,6.006546210435734,18.477632000000003
6185.336043801115,3.806360642339148,3.981179813806899,0.972244701591395,0.9900409826774362,107.36908074592017,33.627283783675935,46.35087701743709,69.32829984348398,0.22133901982348994,0.11455962634060719,0.048895238508079655,0.12267560879213513,1,993.6836923076924,65,6.224652866584266,19.873673846153846
5016.707568295483,3.648514595123987,4.0007179088805485,0.9562395483827599,0.9895444693040948,85.06146330635049,34.16687586892337,46.778738010567736,61.66307023916654,0.23048139091072173,0.1738894773002612,0.1033542517833818,0.15782634258279585,4,999.5730909090909,55,5.018850161055148,19.991461818181815
4515.626045948386,4.013889818620787,4.300408765570712,0.9701454971191739,0.9969258560890735,44.54965585967504,20.301076034172358,27.331384526896628,33.98770643038371,0.1641859645445193,0.04037306940859372,0.017231659481139038,0.08006811472535802,3,2031.6017777777777,45,2.222692505658123,40.632035555555554
4553.153741442307,4.04724777017094,4.232948615324501,0.983360362563187,0.9967105568658962,63.07547462065734,31.14263509201548,39.275459455959144,49.14678674422548,0.09840973001932311,0.0968655831821882,0.04903789164737703,0.07029646502996005,4,999.1662222222222,45,4.556953227778001,19.983324444444445
5801.471919263754,4.2192523049190935,4.241721686600803,0.9928596476819835,0.9969208179621789,64.35841793989891,24.97651200750783,31.92950900728963,45.387869874434045,0.0621203768316442,0.03932511412996755,0.012317874436861068,0.03372000425937873,0,1032.6065454545455,55,5.618279241789999,20.65213090909091
5234.802857717422,3.221417143210721,3.751252985944609,0.9061434381060284,0.9653224405038906,113.38609208384634,37.67317418984619,56.5102353592399,74.03649547598181,0.45179237305982917,0.20219665544212587,0.1069307711491885,0.253736426477503,2,919.68,65,5.69198292636289,18.3936
6531.990271329641,3.4837281447091413,3.49594860604557,0.9604380419282985,0.9778692123770283,131.8144233935284,37.25514977362205,52.994515971591085,80.98831072861813,0.3214932453004102,0.18871572306474102,0.0984799152895336,0.19377151080920843,0,1072.1514666666667,75,6.092413688186881,21.44302933333333
5651.749873535733,4.1103635443896245,4.190605068392942,0.9882189847799537,0.9956996868151369,73.87934046633995,26.477821035443885,34.69842995284308,50.55658246848823,0.10357141856732252,0.05459013208161858,0.020021196595235158,0.05582920122288653,1,974.6698181818182,55,5.79863023159853,19.493396363636364
5820.767145086134,3.582010550822236,4.092576114946977,0.9390876048990326,0.9914669464683384,86.32129336613986,32.368261365573886,46.203888499729715,59.975231400422054,0.3290444777507988,0.11502484038258647,0.05760047197593095,0.173431734579841,3,1926.3932307692307,65,3.021588246944699,38.527864615384615
6473.885156750668,3.4527387502670233,3.7153222874291445,0.9559246361339072,0.9843488771952174,135.75585084346588,38.91085803658797,55.796286314050676,83.42998340429372,0.3429680444819661,0.18937399723941156,0.09413509706565089,0.20016182891790052,1,957.6368,75,6.76027190762789,19.152736
4998.602737286783,3.6353474452994785,4.161349497591838,0.9398771378274139,0.991277043026682,81.3918978116333,30.909769638961404,43.28326530546397,56.46920103365535,0.31322231085912233,0.08743763124491838,0.04702415121082224,0.16053820546053127,2,909.9054545454545,55,5.4935407984600415,18.19810909090909
5341.450057311745,3.28704618911492,3.771000240155481,0.9201166448953499,0.9754722917746298,95.637496791543,36.31308137885034,51.70424863082307,67.98285835348568,0.33401723705147457,0.24752964549574719,0.16839814023881816,0.23909351615366903,4,998.9747692307692,65,5.346931896412929,19.979495384615383
5729.869146735421,3.055930211592224,3.661264756484547,0.8951829869084901,0.9686161435731966,121.51465101603172,39.17780936030026,60.3674177133977,78.13487768139618,0.5069644867402116,0.24254830748671746,0.13048019571927966,0.2907343844484677,2,912.2048,75,6.281340710699419,18.244096
5331.035113413231,3.8771164461187135,4.219181922478051,0.962103415381482,0.9937653453195935,63.64436420734642,25.3584033149748,34.58616144641194,45.45440434014606,0.21526927442166474,0.06071216834400732,0.028672559253275786,0.10844161969326373,3,2003.317090909091,55,2.6611039947720134,40.06634181818182
6208.433590469796,3.820574517212182,3.8734529826132107,0.9749792189713826,0.9879945382659956,107.7026910898849,33.584930810859916,46.06134110327283,69.61266161558876,0.20619324205124967,0.12236554906395976,0.054085490750399035,0.11914337843500629,0,1120.6923076923076,65,5.5398199379578115,22.413846153846155
5047.42600392904,3.6708552755847563,3.994493233188693,0.9557898223901387,0.988216966206387,80.43427666002673,33.976888788189996,45.93290603044437,59.513799779966774,0.2148063371288223,0.1714530615833199,0.10446446721257686,0.151712037798333,4,968.6145454545455,55,5.210974817191513,19.372290909090907
6091.878515868874,3.2490018751300664,3.80467625719263,0.9116683813276787,0.9739440093393521,111.98660804546412,37.38277810212082,55.98614309243691,73.63100558728448,0.43606814299560964,0.20000258399880275,0.1081184266966351,0.24777679567436176,3,2077.176,75,2.9327695466676267,41.54352
6248.062861430939,3.8449617608805777,3.9476298067242497,0.977027704088389,0.9908977288636953,108.98982944224792,33.529438601965396,45.79569251865048,69.88558102507378,0.20233962394795432,0.11584317392928625,0.0472513329591606,0.11354617015228959,1,951.92,65,6.563642807621375,19.0384
5673.240155289326,3.0257280828209736,3.5022971557989413,0.9116984889441875,0.9740573835416291,109.80473274554036,37.87857082097705,55.60855659200933,75.06457967262169,0.4030005350812719,0.31011211964029406,0.2192569810471635,0.29764846981327064,4,980.6842666666666,75,5.784981311643346,19.613685333333333
5478.307910171544,3.3712664062594118,3.987389175974967,0.9159961184432872,0.9850250519519937,97.00950807337233,34.31880445282842,51.29905607883225,66.01750749748062,0.403522732927938,0.16146932792200958,0.08534108174013962,0.22072208353372785,2,902.4,65,6.070819935917048,18.048000000000002
6541.025474211229,3.4885469195793224,3.5844337289890986,0.9583654507989983,0.9820867716195472,132.86936982183312,37.876660770535096,54.12184511975452,82.13879664162597,0.31767085762042624,0.19080366164472395,0.09845764418911579,0.19196751202610537,0,1062.3429333333333,75,6.157169468513647,21.246858666666668
5757.853410842755,3.543294406672464,3.9759494666329833,0.9389368371821308,0.9857880625167714,90.06382534442093,32.34130160538396,46.727513809261374,61.4969766422435,0.33883512390477466,0.1314522293151442,0.06473507223887127,0.18157847863988494,3,2014.5667692307693,65,2.8581099910832446,40.29133538461539
5283.191815290469,3.2511949632556734,3.686011499173625,0.9161518300637171,0.9740504002997555,94.76322025729263,36.04988689666043,51.3655504563608,67.50818770255682,0.33789701891374346,0.2584301466663025,0.17787913555115611,0.24620987686249307,4,938.1747692307692,65,5.631351416135693,18.763495384615386
6402.930806345541,3.414896430050955,3.654561555862163,0.9515628786214699,0.979233359214155,140.74457797287795,39.30393628009102,56.18948434408098,85.28658428590856,0.35359872176650453,0.19803501608232946,0.10224948993601243,0.2094371103280451,1,988.5189333333333,75,6.477297086009826,19.770378666666666
5573.89727779776,2.972745214825472,3.584956153451226,0.887544516864023,0.9562846124936555,124.98372416666973,40.1015156985553,62.195518030783084,80.04197787352035,0.5298377737702602,0.25801847332062683,0.14617305769930936,0.30933723019618276,2,912.5376,75,6.108128890029035,18.250752000000002
5945.861215563727,3.1711259816339874,3.687282192429424,0.9111827427340282,0.9729080201339344,115.53518569570787,37.83102141163989,57.24463706556939,74.93893118755487,0.4677671494242932,0.21386008549493382,0.11528260799206508,0.26524300797869776,3,1926.2074666666667,75,3.086822846685947,38.524149333333334
5695.531338223798,3.0376167137193586,3.515580778084331,0.9086541390949514,0.9637335760714718,106.18648795339122,37.68678608194137,55.105391507926946,73.19814302987072,0.4089427855035486,0.29801650259507934,0.211097347733684,0.29544971209975845,4,943.912,75,6.03396432953898,18.87824
